{
  "project_info": {
    "project_number": "39792992801",
    "project_id": "dictionnairefrangwolof",
    "storage_bucket": "dictionnairefrangwolof.appspot.com"
  },
  "client": [
    {
      "client_info": {
        "mobilesdk_app_id": "1:39792992801:android:5115622840766c8262b960",
        "android_client_info": {
          "package_name": "com.example.dictionnairefrangwolof"
        }
      },
      "oauth_client": [
        {
          "client_id": "39792992801-riid1ebel9p2v38021q97dsl8o4g8mir.apps.googleusercontent.com",
          "client_type": 3
        }
      ],
      "api_key": [
        {
          "current_key": "AIzaSyAk-WYQ0X36btqewIzF1wz10gv7D8uA98E"
        }
      ],
      "services": {
        "appinvite_service": {
          "other_platform_oauth_client": [
            {
              "client_id": "39792992801-riid1ebel9p2v38021q97dsl8o4g8mir.apps.googleusercontent.com",
              "client_type": 3
            }
          ]
        }
      }
    }
  ],
  "configuration_version": "1"
}